CIC0,SM1_Dz(Z),GATS1i,MLOGP,LC50,NdsCH_1,NdsCH_2,NdsCH_3,NdsCH_4,NdssC_1,NdssC_2,NdssC_3,NdssC_4,NdssC_5,NdssC_6
3.26,0.829,1.676,1.453,3.77,False,False,False,False,True,False,False,False,False,False
2.189,0.58,0.863,1.348,3.115,False,False,False,False,False,False,False,False,False,False
2.125,0.638,0.831,1.348,3.531,False,False,False,False,False,False,False,False,False,False
3.027,0.331,1.472,1.807,3.51,True,False,False,False,False,False,False,False,False,False
2.094,0.827,0.86,1.886,5.39,False,False,False,False,False,False,False,False,False,False
3.222,0.331,2.177,0.706,1.819,False,False,False,False,False,False,False,False,False,False
3.179,0.0,1.063,2.942,3.947,False,False,False,False,False,False,False,False,False,False
3.0,0.0,0.938,2.851,3.513,True,False,False,False,False,False,False,False,False,False
2.62,0.499,0.99,2.942,4.402,False,False,False,False,False,False,False,False,False,False
2.834,0.134,0.95,1.591,3.021,False,False,False,False,False,False,False,False,False,False
2.405,0.134,0.843,1.769,3.21,False,False,False,False,False,False,False,False,False,False
2.728,0.223,0.953,1.591,2.371,False,False,False,False,False,False,False,False,False,False
2.512,0.223,0.929,1.769,3.919,True,False,False,False,False,False,False,False,False,False
2.834,0.134,1.237,1.859,3.03,False,False,False,False,False,False,False,False,False,False
2.819,0.331,1.271,0.981,2.736,False,False,False,False,True,False,False,False,False,False
2.126,0.251,1.114,0.143,2.157,False,False,False,False,False,False,False,False,False,False
2.834,0.134,1.322,1.199,2.413,False,False,False,False,False,False,False,False,False,False
3.014,0.56,1.781,-0.115,0.898,False,False,False,False,False,False,False,False,False,False
3.024,0.452,2.698,1.107,0.45,False,False,False,False,False,False,False,False,False,False
3.036,0.405,1.205,1.807,3.733,True,False,False,False,False,False,False,False,False,False
2.707,0.972,1.889,-1.169,2.976,False,False,False,False,False,False,True,False,False,False
2.978,1.246,1.103,3.988,6.535,False,False,False,False,True,False,False,False,False,False
3.111,0.732,0.923,4.068,5.643,False,False,False,False,False,False,False,False,False,False
3.315,0.223,0.96,3.395,4.629,False,False,False,False,False,False,False,False,False,False
2.71,0.93,0.724,2.526,4.838,False,False,False,False,False,False,False,False,False,False
3.326,0.647,0.986,3.112,4.081,False,False,False,False,True,False,False,False,False,False
3.332,0.134,1.294,2.51,3.436,False,False,False,False,False,False,False,False,False,False
3.896,0.134,1.984,2.591,3.45,False,False,False,False,False,False,False,False,False,False
3.155,0.638,2.128,-0.937,1.102,False,False,False,False,False,False,False,False,False,False
2.479,0.887,0.954,1.748,4.257,False,False,False,False,False,False,False,False,False,False
1.075,1.161,0.865,0.024,5.386,False,False,False,False,True,False,False,False,False,False
3.645,0.223,1.155,2.837,3.393,False,False,False,False,False,False,False,False,False,False
3.079,0.429,2.135,-0.521,1.308,False,False,False,False,False,False,False,False,False,False
3.332,0.134,1.519,2.242,3.554,False,False,False,False,False,False,False,False,False,False
2.726,0.496,1.179,1.06,2.269,False,False,False,False,True,False,False,False,False,False
3.532,0.134,1.11,2.813,4.165,False,False,False,False,False,False,False,False,False,False
4.216,0.223,1.248,5.089,5.896,False,False,False,False,False,False,False,False,False,False
3.605,0.0,1.15,3.562,4.829,False,False,False,False,False,False,False,False,False,False
2.918,0.223,0.944,2.066,4.59,False,False,True,False,False,False,False,False,False,False
3.833,0.405,1.522,3.492,2.092,False,False,False,False,True,False,False,False,False,False
3.669,0.223,1.599,2.274,3.665,False,False,False,False,False,False,False,False,False,False
2.824,0.223,1.0,2.102,3.56,True,False,False,False,False,False,False,False,False,False
2.233,0.64,0.92,2.37,4.805,True,False,False,False,False,False,False,False,False,False
3.103,0.134,1.344,1.533,3.174,False,False,False,False,False,False,False,False,False,False
4.413,0.56,1.17,3.906,7.899,True,False,False,False,False,True,False,False,False,False
3.641,0.331,1.933,1.565,2.67,False,False,False,False,True,False,False,False,False,False
3.073,0.693,1.851,0.787,4.016,False,False,False,False,False,True,False,False,False,False
3.012,0.223,1.023,2.193,3.857,False,False,False,False,False,False,False,False,False,False
3.818,0.693,1.627,2.217,5.522,False,True,False,False,False,True,False,False,False,False
4.171,0.693,1.678,2.849,4.851,False,False,False,False,False,True,False,False,False,False
3.734,0.223,1.45,2.642,3.84,False,True,False,False,True,False,False,False,False,False
3.734,0.223,1.374,2.642,4.586,False,True,False,False,False,True,False,False,False,False
2.126,0.977,0.771,3.795,5.284,False,False,False,False,False,False,False,False,False,False
2.216,0.679,0.764,2.296,3.559,False,False,False,False,False,False,False,False,False,False
3.179,0.0,1.063,2.942,4.091,False,False,False,False,False,False,False,False,False,False
2.62,0.499,0.99,3.21,4.33,False,False,False,False,False,False,False,False,False,False
2.728,0.223,0.953,1.859,3.755,False,False,False,False,False,False,False,False,False,False
2.126,0.83,0.899,3.478,4.552,False,False,False,False,False,False,False,False,False,False
2.216,0.582,0.839,2.127,3.62,False,False,False,False,False,False,False,False,False,False
2.086,0.64,0.838,2.127,4.459,False,False,False,False,False,False,False,False,False,False
2.834,0.134,0.95,1.859,2.827,False,False,False,False,False,False,False,False,False,False
2.126,0.405,0.917,0.411,6.38,False,False,False,True,False,True,False,False,False,False
3.08,0.405,1.609,1.619,4.786,True,False,False,False,True,False,False,False,False,False
1.636,0.64,1.695,0.408,3.861,False,False,False,False,False,False,False,False,False,False
2.219,0.604,1.537,2.026,3.262,False,False,False,False,False,False,False,False,False,False
1.594,0.223,1.333,0.094,6.297,False,True,False,False,False,False,False,False,False,False
1.818,0.499,1.468,1.672,3.546,True,False,False,False,False,False,False,False,False,False
1.5,0.83,1.891,1.817,2.92,False,False,False,False,False,False,False,False,False,False
1.512,0.64,1.844,0.347,3.203,False,False,False,False,False,False,False,False,False,False
2.56,0.134,1.758,0.347,2.283,False,False,False,False,False,False,False,False,False,False
1.818,0.134,1.445,0.202,1.559,False,False,False,False,False,False,False,False,False,False
1.359,0.134,1.13,0.094,3.47,True,False,False,False,False,False,False,False,False,False
0.667,0.582,1.361,0.202,4.748,False,False,False,False,False,False,False,False,False,False
2.333,0.251,1.946,-1.053,2.576,False,False,False,False,False,False,False,False,False,False
2.026,0.223,1.429,0.202,5.259,True,False,False,False,False,False,False,False,False,False
1.594,0.223,1.068,0.202,4.564,False,False,False,False,False,False,False,False,False,False
0.965,0.64,1.695,0.202,4.37,True,False,False,False,False,False,False,False,False,False
1.951,0.405,1.878,-1.053,0.053,False,False,False,False,False,False,False,False,False,False
1.0,0.405,1.5,-1.306,2.381,False,True,False,False,False,False,False,False,False,False
1.512,0.331,1.627,-0.386,2.891,True,False,False,False,False,False,False,False,False,False
3.219,0.405,1.605,0.706,1.088,False,False,False,False,False,False,False,False,False,False
3.74,0.134,1.581,2.274,3.721,False,False,False,False,False,False,False,False,False,False
3.669,0.486,1.374,3.291,3.701,False,False,False,False,False,False,False,False,False,False
3.57,1.374,2.259,2.05,6.083,False,False,False,False,False,False,False,False,False,False
5.926,0.134,1.671,6.203,4.628,False,False,False,False,False,False,False,False,False,False
3.802,0.405,1.527,1.869,3.7,True,False,False,False,False,False,False,False,False,False
2.802,0.223,1.6,1.064,1.842,False,False,False,False,True,False,False,False,False,False
2.242,1.096,1.907,-1.96,3.396,False,False,False,False,True,False,False,False,False,False
1.94,0.749,1.066,1.492,2.99,False,False,False,False,False,False,False,False,False,False
2.126,0.405,1.69,0.479,3.573,True,False,False,False,True,False,False,False,False,False
3.08,0.223,1.583,1.442,2.271,False,False,False,False,True,False,False,False,False,False
3.277,0.223,1.869,1.587,2.085,False,False,False,False,False,False,False,False,False,False
3.179,0.0,1.063,2.942,3.822,False,False,False,False,False,False,False,False,False,False
2.728,0.223,0.953,1.859,3.29,False,False,False,False,False,False,False,False,False,False
2.62,0.499,0.99,3.21,3.84,False,False,False,False,False,False,False,False,False,False
2.216,0.582,0.839,2.127,3.979,False,False,False,False,False,False,False,False,False,False
2.834,0.134,0.95,1.859,3.47,False,False,False,False,False,False,False,False,False,False
2.359,0.405,0.814,0.893,3.314,False,False,False,False,False,False,False,False,False,False
2.565,0.693,1.987,0.057,4.031,False,False,False,False,False,True,False,False,False,False
2.085,1.079,0.895,4.063,4.74,False,False,False,False,False,False,False,False,False,False
2.26,0.604,0.836,3.045,4.194,False,False,False,False,False,False,False,False,False,False
2.91,0.0,1.0,2.608,3.447,False,False,False,False,False,False,False,False,False,False
2.512,0.134,1.293,0.846,2.364,False,False,False,False,False,False,False,False,False,False
2.26,0.499,0.907,2.876,3.645,False,False,False,False,False,False,False,False,False,False
3.08,0.223,1.385,1.195,2.07,False,False,False,False,False,False,False,False,False,False
2.866,0.223,1.333,1.05,2.27,False,False,False,False,True,False,False,False,False,False
2.386,0.223,0.857,1.506,3.513,False,False,False,False,False,False,False,False,False,False
2.512,0.134,1.293,0.846,2.811,False,False,False,False,False,False,False,False,False,False
3.509,0.854,1.478,2.248,2.832,False,False,False,False,False,False,False,False,False,False
2.98,0.251,2.261,-0.063,1.639,False,False,False,False,False,False,False,False,False,False
2.512,0.134,1.293,0.846,2.016,False,False,False,False,False,False,False,False,False,False
2.98,0.251,1.959,-0.063,1.651,False,False,False,False,False,False,False,False,False,False
3.462,0.405,1.717,2.06,4.097,False,False,False,False,True,False,False,False,False,False
2.755,0.405,1.559,0.996,3.123,False,False,False,False,True,False,False,False,False,False
2.755,0.405,1.844,0.996,3.231,False,False,False,False,True,False,False,False,False,False
2.024,0.977,1.328,2.604,5.052,False,False,False,False,False,False,False,False,False,False
2.609,0.604,1.529,2.419,3.572,False,False,False,False,False,False,False,False,False,False
2.878,0.134,1.684,0.8,2.436,False,False,False,False,False,False,False,False,False,False
1.961,0.134,1.215,0.548,2.567,True,False,False,False,False,False,False,False,False,False
2.665,0.251,1.762,-0.534,1.795,False,False,False,False,False,False,False,False,False,False
1.251,0.251,1.126,-0.786,5.072,False,False,False,False,False,False,False,False,False,False
2.377,0.331,2.111,-0.534,2.156,False,False,False,False,False,False,False,False,False,False
2.366,0.405,2.606,-0.128,1.037,False,False,False,False,False,False,False,False,False,False
2.878,0.134,2.102,0.8,1.932,False,False,False,False,False,False,False,False,False,False
1.961,0.134,1.27,0.156,2.505,False,False,False,False,False,False,False,False,False,False
2.462,0.223,1.669,0.408,1.524,False,False,False,False,False,False,False,False,False,False
1.778,0.223,1.203,0.156,3.048,False,False,False,False,False,False,False,False,False,False
3.609,0.811,1.189,3.291,5.115,False,False,False,False,False,False,False,False,False,False
3.316,0.223,1.571,1.795,2.856,False,False,False,False,True,False,False,False,False,False
2.0,0.693,1.128,-0.45,4.366,False,True,False,False,False,True,False,False,False,False
4.171,0.693,1.678,2.849,4.976,False,False,False,False,False,True,False,False,False,False
3.316,0.223,1.571,1.795,2.94,False,False,False,False,True,False,False,False,False,False
3.441,0.0,1.667,3.516,4.538,False,False,False,False,False,False,False,False,False,False
2.429,0.83,1.696,2.604,3.391,False,False,False,False,False,False,False,False,False,False
3.143,0.134,1.641,1.209,2.692,False,False,False,False,False,False,False,False,False,False
2.802,0.223,1.6,1.064,3.825,True,False,False,False,False,False,False,False,False,False
2.126,0.405,1.127,-0.226,3.206,False,False,False,False,False,False,False,False,False,False
2.709,0.331,2.072,-0.081,1.78,False,False,False,False,False,False,False,False,False,False
2.701,0.405,2.003,-0.081,0.533,False,False,False,False,False,False,False,False,False,False
3.252,0.0,1.417,3.124,3.299,False,False,False,False,False,False,False,False,False,False
2.111,0.134,1.253,0.468,2.914,False,False,False,False,False,False,False,False,False,False
2.085,0.56,2.451,-0.544,1.18,False,False,False,False,False,False,False,False,False,False
3.361,0.223,1.437,2.021,3.168,True,False,False,False,False,True,False,False,False,False
3.52,0.223,1.562,2.129,3.446,False,False,False,False,True,False,False,False,False,False
3.014,0.56,1.987,0.538,3.496,False,False,False,False,True,False,False,False,False,False
3.181,0.604,1.52,3.126,4.68,False,False,False,False,False,False,False,False,False,False
3.369,0.134,1.614,1.587,3.252,False,False,False,False,False,False,False,False,False,False
3.277,0.223,1.633,1.587,2.98,False,False,False,False,False,False,False,False,False,False
2.507,0.405,1.5,0.076,3.936,False,True,False,False,False,False,False,False,False,False
3.277,0.486,1.416,2.604,5.47,False,False,False,False,False,False,False,False,False,False
2.67,0.496,2.047,-0.917,1.842,False,False,False,False,False,False,False,False,False,False
2.704,0.56,1.965,-0.917,0.15,False,False,False,False,False,False,False,False,False,False
3.277,0.486,1.343,2.604,3.736,False,False,False,False,False,False,False,False,False,False
3.566,0.134,1.595,1.94,3.719,False,False,False,False,False,False,False,False,False,False
2.594,0.251,1.287,0.454,1.749,False,False,False,False,False,False,False,False,False,False
3.485,0.223,1.614,1.94,3.507,False,False,False,False,False,False,False,False,False,False
3.316,0.223,1.571,1.795,3.979,True,False,False,False,False,False,False,False,False,False
3.596,0.604,1.515,4.673,5.363,False,False,False,False,False,False,False,False,False,False
3.74,0.134,1.581,3.186,4.396,False,False,False,False,False,False,False,False,False,False
3.669,0.223,1.599,3.186,3.984,False,False,False,False,False,False,False,False,False,False
3.199,0.56,2.033,-0.129,1.02,False,False,False,False,False,False,False,False,False,False
2.57,1.028,2.137,1.466,2.973,False,False,False,False,False,False,False,False,False,False
3.641,0.405,1.531,3.289,3.182,False,False,False,False,True,False,False,False,False,False
4.005,0.223,1.545,3.953,5.055,False,False,False,False,True,False,False,False,False,False
3.896,0.134,1.571,3.503,4.822,False,False,False,False,False,False,False,False,False,False
3.201,0.693,2.004,-0.937,0.33,False,False,False,False,False,False,False,False,False,False
3.98,0.223,1.578,3.806,4.819,False,False,False,False,False,False,False,False,False,False
4.114,0.223,1.571,4.098,5.219,False,False,False,False,False,False,False,False,False,False
4.237,0.223,1.565,4.379,5.268,False,False,False,False,False,False,False,False,False,False
4.63,0.405,1.458,5.579,3.139,False,True,False,False,True,False,False,False,False,False
2.456,0.331,1.259,0.496,2.858,False,False,False,False,True,False,False,False,False,False
2.536,0.764,1.165,2.619,4.191,False,False,False,False,True,False,False,False,False,False
3.461,0.223,1.281,2.813,4.416,False,False,False,False,False,False,False,False,False,False
2.641,0.496,1.077,1.697,3.537,False,False,False,False,True,False,False,False,False,False
3.38,0.638,1.506,1.57,4.38,False,False,False,False,True,False,False,False,False,False
2.544,0.223,1.245,1.064,1.408,False,False,False,False,False,False,False,False,False,False
1.279,1.16,1.714,1.209,2.936,False,False,False,False,False,False,False,False,False,False
2.572,1.834,1.35,3.115,8.471,False,False,False,False,False,True,False,False,False,False
3.222,1.501,0.872,5.149,5.861,False,False,False,False,False,False,False,False,False,False
3.728,0.956,1.17,4.789,5.574,False,False,False,False,False,False,False,False,False,False
3.358,1.348,1.328,1.89,3.852,False,False,False,False,False,False,False,False,False,False
2.96,0.88,1.53,0.787,5.244,True,False,False,False,True,False,False,False,False,False
4.81,0.693,1.42,5.426,2.548,False,False,False,False,False,True,False,False,False,False
3.311,0.56,0.927,3.461,5.276,False,False,False,False,True,False,False,False,False,False
3.023,0.56,1.168,2.294,3.924,False,False,False,False,True,False,False,False,False,False
2.585,1.586,0.917,5.207,6.379,False,False,False,False,False,False,False,False,False,False
1.925,1.318,0.595,3.764,4.705,False,False,False,False,False,False,False,False,False,False
2.454,1.075,0.951,2.359,4.96,False,False,False,False,False,False,False,False,False,False
2.508,0.58,0.941,1.701,3.766,False,False,False,False,False,False,False,False,False,False
2.222,0.711,0.849,0.828,3.641,False,False,False,False,False,False,False,False,False,False
3.389,0.223,0.849,3.587,4.108,False,False,False,False,True,False,False,False,False,False
2.031,0.891,0.822,2.956,4.42,False,False,False,False,False,False,False,False,False,False
1.965,1.408,0.709,2.736,5.29,False,False,False,False,False,False,False,False,False,False
3.351,0.496,1.466,1.097,2.392,False,False,False,False,False,False,False,False,False,False
3.452,0.331,1.476,2.402,3.87,True,False,False,False,False,False,False,False,False,False
4.288,0.865,1.327,4.295,5.642,False,False,False,False,False,False,False,False,False,False
2.359,0.405,0.814,0.893,4.287,False,False,False,False,False,False,False,False,False,False
2.085,1.079,0.895,4.063,4.79,False,False,False,False,False,False,False,False,False,False
1.962,0.934,0.819,2.729,4.296,False,False,False,False,False,False,False,False,False,False
3.041,0.947,1.298,1.976,6.607,False,False,False,False,True,False,False,False,False,False
2.377,0.827,0.938,2.239,3.759,False,False,False,False,False,False,False,False,False,False
3.023,0.56,1.168,1.239,3.278,True,False,False,False,False,False,False,False,False,False
2.777,0.56,1.127,0.922,3.118,True,False,False,False,False,False,False,False,False,False
2.218,0.923,1.074,0.291,3.237,False,False,False,False,False,False,False,False,False,False
3.103,0.134,1.521,2.193,3.267,False,False,False,False,False,False,False,False,False,False
1.822,0.829,0.834,2.509,3.933,False,False,False,False,False,False,False,False,False,False
3.459,1.47,1.483,0.491,4.486,False,False,False,False,False,True,False,False,False,False
2.442,1.211,2.254,1.401,4.305,False,False,False,False,False,False,False,False,False,False
1.945,0.889,0.835,1.969,3.927,False,False,False,False,False,False,False,False,False,False
3.315,0.223,1.1,2.723,4.35,True,False,False,False,False,False,False,False,False,False
2.868,1.286,1.294,1.919,4.809,False,False,False,False,False,False,False,False,False,False
2.971,0.859,2.162,2.273,4.499,False,False,False,False,False,False,False,False,False,False
3.378,0.134,0.988,3.395,4.65,False,False,False,False,False,False,False,False,False,False
2.961,0.405,1.189,1.312,2.604,False,False,False,False,False,False,False,False,False,False
3.52,0.223,1.562,2.129,3.629,True,False,False,False,False,False,False,False,False,False
3.012,0.223,1.023,2.193,4.07,False,False,False,False,False,False,False,False,False,False
2.778,0.405,1.17,1.49,2.93,True,False,False,False,False,False,False,False,False,False
3.08,0.223,1.583,1.442,3.727,True,False,False,False,False,False,False,False,False,False
3.281,0.693,1.808,1.121,3.095,False,False,False,False,False,True,False,False,False,False
2.359,0.405,0.814,0.893,6.4,False,False,False,False,False,False,False,False,False,False
2.026,0.223,1.667,0.202,2.65,True,False,False,False,False,False,False,False,False,False
2.507,0.405,1.5,0.076,2.851,False,False,False,False,False,True,False,False,False,False
3.462,0.405,1.717,2.06,4.208,False,False,False,False,True,False,False,False,False,False
2.462,0.223,1.625,0.655,3.654,True,False,False,False,False,False,False,False,False,False
3.026,0.405,1.787,1.373,3.81,False,False,False,False,True,False,False,False,False,False
2.429,0.405,1.954,-0.473,0.931,False,False,False,False,False,False,False,False,False,False
2.836,0.693,1.43,0.434,3.178,False,False,False,False,False,True,False,False,False,False
4.285,0.134,1.551,4.379,6.255,False,False,False,False,False,False,False,False,False,False
2.534,0.872,1.619,-1.186,2.732,False,False,False,False,False,False,False,False,False,False
4.077,0.956,1.909,3.234,4.448,False,False,False,False,False,False,False,False,False,False
3.137,0.405,1.312,0.749,1.086,False,False,False,False,False,True,False,False,False,False
2.034,0.64,1.727,0.8,2.586,False,False,False,False,False,False,False,False,False,False
2.034,0.331,1.56,0.133,2.117,False,False,False,False,True,False,False,False,False,False
1.667,1.278,1.5,2.459,3.955,False,False,False,False,False,True,False,False,False,False
2.283,1.07,1.223,1.112,4.278,False,False,False,False,False,False,False,False,False,False
3.164,0.223,0.909,2.455,3.112,False,False,False,False,False,False,False,False,False,False
3.03,1.821,1.027,5.469,6.897,False,False,False,False,False,True,False,False,False,False
2.031,0.872,1.475,0.202,6.424,False,False,False,False,True,False,False,False,False,False
4.216,0.223,1.248,4.177,5.78,False,False,False,False,False,False,False,False,False,False
2.119,0.923,1.179,0.982,1.05,False,False,False,False,True,False,False,False,False,False
3.914,0.56,1.637,3.048,3.926,False,False,False,False,True,False,False,False,False,False
3.542,1.38,1.264,1.971,6.284,False,False,False,False,False,False,False,False,False,False
3.102,0.693,1.316,2.005,3.451,False,False,False,False,False,True,False,False,False,False
3.393,1.292,2.122,1.595,3.477,False,False,False,False,False,False,True,False,False,False
3.191,0.223,0.847,2.859,4.967,False,False,False,False,False,False,False,False,False,False
2.639,1.462,0.83,5.206,5.985,False,False,False,False,False,False,False,False,False,False
2.47,1.437,1.346,1.821,6.351,False,True,False,False,False,True,False,False,False,False
2.164,1.437,1.227,2.573,6.207,False,False,False,False,False,True,False,False,False,False
3.247,0.638,0.889,2.922,4.68,False,False,False,False,True,False,False,False,False,False
4.255,1.695,1.087,2.294,4.475,False,False,False,False,False,False,False,False,False,False
3.629,0.331,1.478,2.821,3.24,False,False,False,False,True,False,False,False,False,False
3.08,0.827,1.079,1.155,5.478,False,True,False,False,False,False,False,False,False,False
3.012,0.223,0.76,2.637,4.62,False,False,False,False,False,False,False,False,False,False
2.374,1.16,0.979,3.818,5.048,False,False,False,False,True,False,False,False,False,False
2.855,1.331,1.325,0.454,7.045,False,False,False,False,False,True,False,False,False,False
2.024,0.405,1.605,0.133,1.307,False,False,False,False,True,False,False,False,False,False
3.739,0.0,1.25,3.267,2.149,True,False,False,False,False,True,False,False,False,False
3.426,0.693,1.488,1.294,3.025,False,False,False,False,True,False,False,False,False,False
2.878,0.134,1.684,0.8,2.425,False,False,False,False,False,False,False,False,False,False
4.785,1.263,1.471,2.749,9.612,True,False,False,False,False,False,False,True,False,False
3.286,0.357,2.104,-0.521,1.771,False,False,False,False,False,False,False,False,False,False
2.507,0.405,1.652,0.888,4.603,True,False,False,False,True,False,False,False,False,False
2.857,0.973,1.838,1.121,5.311,False,False,False,False,False,True,False,False,False,False
3.924,0.693,1.707,2.314,4.713,False,False,False,False,False,True,False,False,False,False
3.601,0.223,1.35,2.545,4.32,False,False,True,False,False,True,False,False,False,False
3.634,0.693,1.747,1.742,4.051,False,False,False,False,False,True,False,False,False,False
1.968,0.331,1.891,-1.053,1.47,False,False,False,False,False,False,False,False,False,False
2.429,0.405,1.927,0.586,2.583,False,False,False,False,True,False,False,False,False,False
3.029,0.331,1.847,0.314,2.474,False,False,False,False,False,False,False,False,False,False
3.605,0.0,1.15,3.562,4.51,False,False,False,False,False,False,False,False,False,False
2.024,0.83,1.761,2.226,3.007,False,False,False,False,False,False,False,False,False,False
3.026,0.405,1.548,1.373,2.84,False,False,False,False,True,False,False,False,False,False
3.462,0.405,1.717,2.06,4.557,False,False,False,False,True,False,False,False,False,False
3.669,0.223,1.778,2.274,3.604,False,False,False,False,False,False,False,False,False,False
2.9,1.275,0.913,3.574,6.564,False,False,False,False,True,False,False,False,False,False
3.832,0.223,1.587,3.503,4.41,False,False,False,False,False,False,False,False,False,False
4.285,0.134,1.71,3.467,5.38,False,False,False,False,False,False,False,False,False,False
3.164,2.044,0.83,4.912,6.113,False,False,False,False,True,False,False,False,False,False
3.332,0.134,1.294,2.242,3.374,False,False,False,False,False,False,False,False,False,False
2.344,0.582,1.59,1.467,3.109,False,False,False,False,False,False,False,False,False,False
3.353,0.854,1.944,1.297,2.451,False,False,False,False,False,False,False,False,False,False
2.993,0.811,1.232,-0.059,5.395,False,False,False,False,False,True,False,False,False,False
2.914,0.798,0.975,2.715,4.109,False,False,False,False,True,False,False,False,False,False
3.111,0.331,1.011,2.042,3.25,False,False,False,False,True,False,False,False,False,False
2.777,0.56,1.127,1.433,4.767,True,False,False,False,False,False,False,False,False,False
3.188,1.182,1.244,1.845,5.012,False,False,False,False,True,False,False,False,False,False
3.134,0.223,1.319,1.795,2.739,False,False,False,False,False,False,False,False,False,False
3.514,0.134,1.07,3.315,7.809,True,False,False,False,False,False,False,False,False,False
3.436,0.331,0.951,2.786,4.338,False,False,False,False,False,False,False,False,False,False
2.217,0.872,0.875,1.769,4.182,False,False,False,False,False,False,False,False,False,False
3.219,0.405,1.605,0.706,1.134,False,False,False,False,False,False,False,False,False,False
3.645,0.223,1.155,3.105,5.178,False,False,False,False,False,False,False,False,False,False
2.685,0.405,1.145,1.246,3.219,False,False,False,False,False,False,False,False,False,False
2.685,0.405,1.145,1.246,3.11,False,False,False,False,False,False,False,False,False,False
2.961,0.405,1.388,1.58,3.07,False,False,False,False,False,False,False,False,False,False
3.52,0.223,1.59,1.882,2.883,False,False,False,False,False,False,False,False,False,False
4.029,0.965,1.729,4.038,4.451,False,False,False,False,False,False,False,False,False,False
1.883,0.711,1.162,0.602,2.924,False,False,False,False,False,False,False,False,False,False
3.432,0.638,1.385,1.459,5.339,False,False,False,False,True,False,False,False,False,False
3.369,0.134,1.614,1.587,2.226,False,False,False,False,False,False,False,False,False,False
3.323,1.232,1.134,4.207,6.5,False,False,False,False,False,False,False,False,False,False
3.73,0.829,1.562,3.182,4.732,False,False,False,False,True,False,False,False,False,False
1.831,1.182,1.901,0.158,1.234,False,False,False,False,False,True,False,False,False,False
4.141,0.134,1.22,4.833,6.233,False,False,False,False,False,False,False,False,False,False
3.035,0.223,1.941,1.209,2.107,False,False,False,False,False,False,False,False,False,False
3.461,0.223,1.12,2.813,4.47,False,False,False,False,False,False,False,False,False,False
3.867,0.0,1.4,3.659,5.678,False,True,False,False,False,False,False,False,False,False
1.713,1.098,1.752,-0.297,3.046,False,False,False,False,False,False,False,False,False,False
2.441,0.88,1.54,0.057,4.92,False,False,False,False,False,True,False,False,False,False
1.634,0.713,1.19,1.313,2.782,False,False,False,False,False,False,False,False,False,False
3.13,0.429,0.88,2.679,5.229,False,False,False,False,False,False,False,False,False,False
1.886,1.153,0.523,2.938,4.737,False,False,False,False,False,False,False,False,False,False
1.886,1.115,0.653,2.646,4.342,False,False,False,False,False,False,False,False,False,False
3.684,1.275,1.072,4.764,7.691,False,False,False,False,True,False,False,False,False,False
4.461,0.405,1.139,4.548,4.727,False,False,False,False,True,False,False,False,False,False
3.087,0.223,0.96,2.42,3.979,True,False,False,False,False,False,False,False,False,False
3.822,0.0,1.125,4.044,5.51,True,False,False,False,False,False,False,False,False,False
3.113,1.593,1.319,4.038,6.143,True,False,False,False,True,False,False,False,False,False
2.565,0.452,1.529,0.242,2.115,False,False,False,False,False,False,False,False,False,False
2.217,0.845,0.793,2.429,5.189,True,False,False,False,False,False,False,False,False,False
2.95,1.772,1.351,3.11,5.383,False,False,False,False,False,False,False,True,False,False
3.402,0.496,1.45,2.345,4.557,True,False,False,False,False,False,False,False,False,False
3.618,0.842,1.686,1.661,5.184,False,False,False,False,False,True,False,False,False,False
3.613,1.336,0.839,2.459,4.886,False,False,False,False,False,False,False,False,False,False
3.739,0.0,1.204,3.374,5.434,False,False,False,False,True,False,False,False,False,False
2.251,1.501,1.197,4.19,5.632,False,False,False,False,False,False,False,False,False,False
2.454,1.075,0.951,2.359,6.317,False,False,False,False,False,False,False,False,False,False
2.216,0.582,1.287,1.467,2.74,False,False,False,False,False,False,False,False,False,False
3.323,1.232,1.134,4.207,6.525,False,False,False,False,False,False,False,False,False,False
2.126,0.83,1.455,2.459,5.82,False,False,False,False,True,False,False,False,False,False
1.886,0.988,0.764,2.343,3.889,False,False,False,False,False,False,False,False,False,False
3.175,0.859,2.095,2.59,4.095,False,False,False,False,False,False,False,False,False,False
3.641,1.192,1.481,3.16,5.052,False,False,False,False,True,False,False,False,False,False
2.019,1.317,1.288,2.689,4.368,False,False,False,False,False,False,False,False,False,False
3.709,1.371,1.478,3.909,5.568,False,False,False,False,True,False,False,False,False,False
2.479,0.887,0.954,1.748,4.458,False,False,False,False,False,False,False,False,False,False
3.559,0.223,1.36,2.446,3.458,False,False,False,False,False,False,False,False,False,False
4.05,0.693,1.381,3.618,5.667,False,False,False,False,False,True,False,False,False,False
3.24,0.56,0.889,2.214,4.544,False,False,False,False,False,False,False,False,False,False
4.829,0.331,1.521,4.57,6.347,False,False,False,True,False,False,False,True,False,False
2.079,0.988,0.836,2.481,2.608,False,False,False,False,True,False,False,False,False,False
4.037,0.134,1.563,3.806,5.18,False,False,False,False,False,False,False,False,False,False
2.137,0.223,1.179,0.655,3.779,False,False,False,False,False,False,False,False,False,False
3.421,0.58,1.7,1.57,5.029,False,False,False,False,True,False,False,False,False,False
1.279,1.327,1.284,2.2,4.697,False,False,False,False,False,False,False,False,False,False
3.252,0.499,0.832,4.416,4.674,False,False,False,False,False,False,False,False,False,False
3.252,0.499,0.832,4.416,4.384,False,False,False,False,False,False,False,False,False,False
3.739,0.0,0.7,4.76,7.346,False,False,False,False,False,False,False,False,False,False
2.591,0.331,1.629,0.874,2.395,False,False,False,False,False,False,False,False,False,False
2.118,0.956,1.643,-2.03,3.638,False,False,False,False,False,False,False,False,False,False
3.274,1.214,1.011,3.311,6.54,False,False,False,False,False,False,False,False,False,False
2.544,0.223,1.245,1.064,3.38,False,False,False,False,False,False,False,False,False,False
2.08,0.764,0.788,1.514,4.961,False,False,False,False,False,False,False,False,False,False
2.8,0.693,1.091,1.437,3.603,False,False,False,False,True,False,False,False,False,False
3.9,0.429,1.572,2.297,3.842,False,False,False,False,True,False,False,False,False,False
3.177,0.918,1.919,2.031,4.116,False,False,False,False,False,False,False,False,False,False
2.111,1.477,1.298,3.225,5.73,False,False,False,False,False,False,False,False,False,False
3.609,0.811,1.208,3.291,4.38,False,False,False,False,False,False,False,False,False,False
3.261,0.331,2.047,0.915,4.182,False,False,False,False,True,False,False,False,False,False
3.38,0.702,1.527,1.579,3.841,False,False,False,False,True,False,False,False,False,False
2.818,0.88,1.488,1.182,3.726,False,False,False,False,False,False,False,False,False,False
2.442,0.934,0.984,3.259,4.208,False,False,False,False,True,False,False,False,False,False
3.63,0.134,1.476,3.358,4.305,False,False,False,False,False,False,False,False,False,False
4.535,0.56,1.137,4.332,8.571,True,False,False,False,False,True,False,False,False,False
3.756,0.0,0.964,4.23,4.425,False,False,False,False,False,False,False,False,False,False
2.198,0.798,0.79,2.056,3.328,False,False,False,False,True,False,False,False,False,False
3.159,0.965,1.584,1.121,3.77,False,False,False,False,False,True,False,False,False,False
2.862,1.031,1.828,-0.463,4.512,False,False,False,False,False,False,True,False,False,False
4.121,0.829,1.551,3.913,5.653,False,False,False,False,True,False,False,False,False,False
2.309,0.907,0.871,3.046,3.775,False,False,False,False,False,False,False,False,False,False
3.69,0.223,1.062,2.726,3.599,False,False,False,False,False,False,False,False,False,False
3.282,0.56,1.749,1.117,3.757,False,False,False,False,False,True,False,False,False,False
3.465,2.171,0.888,6.515,3.623,False,False,False,False,False,False,False,False,False,False
3.252,0.223,1.077,2.51,4.22,False,False,False,False,False,False,False,False,False,False
4.085,0.134,1.482,4.234,5.63,False,False,False,False,False,False,False,False,False,False
2.726,0.496,1.108,1.06,3.1,False,False,False,False,True,False,False,False,False,False
2.079,0.988,0.836,2.481,3.298,False,False,False,False,True,False,False,False,False,False
3.867,0.134,1.174,3.386,4.064,False,False,False,False,False,False,False,False,False,False
3.33,0.56,1.555,1.042,3.691,False,False,False,False,False,True,False,False,False,False
2.304,1.028,1.124,2.433,4.635,False,False,False,False,False,False,False,False,False,False
3.691,0.711,1.073,1.746,5.472,False,False,False,False,False,True,False,False,False,False
3.323,0.405,1.17,2.592,4.577,False,False,False,False,False,True,False,False,False,False
3.501,0.405,1.585,2.27,5.147,True,False,False,False,True,False,False,False,False,False
2.594,0.251,0.861,1.68,3.112,False,False,False,False,False,False,False,False,False,False
3.38,0.874,0.903,3.184,5.278,False,False,False,False,True,False,False,False,False,False
3.332,0.134,0.909,3.051,4.891,False,False,False,False,False,False,False,False,False,False
3.578,0.496,1.406,2.391,4.32,False,False,False,False,True,False,False,False,False,False
2.857,1.421,2.282,2.357,4.295,False,False,False,False,False,False,False,False,False,False
2.634,0.223,0.939,1.834,3.926,False,False,False,False,False,False,False,False,False,False
2.836,1.86,1.046,4.452,8.207,False,False,False,False,False,True,False,False,False,False
3.179,0.0,0.805,2.994,4.154,False,False,False,False,False,False,False,False,False,False
3.588,0.251,1.506,1.564,3.57,False,False,False,False,False,False,False,False,False,False
3.026,0.251,2.164,0.314,1.812,False,False,False,False,False,False,False,False,False,False
3.739,0.0,1.161,4.431,5.68,False,False,False,False,False,False,False,False,False,False
2.955,0.331,1.313,0.652,2.961,False,False,False,False,False,False,False,False,False,False
1.844,1.275,0.804,3.109,6.72,False,False,False,False,False,False,False,False,False,False
4.395,0.134,1.546,4.651,6.484,False,False,False,False,False,False,False,False,False,False
3.128,0.713,0.797,4.017,5.039,False,False,False,False,True,False,False,False,False,False
2.417,1.028,1.162,3.19,4.169,False,False,False,False,True,False,False,False,False,False
3.055,1.273,1.132,2.931,5.393,False,False,False,False,False,False,False,False,False,False
2.624,1.621,1.502,3.213,6.314,False,False,False,False,False,False,False,False,False,False
3.436,1.225,1.839,2.054,5.087,False,False,False,False,False,False,False,False,False,False
2.423,0.949,1.15,1.94,2.44,False,False,False,False,False,False,False,False,False,False
2.548,0.947,1.051,1.66,3.588,True,False,False,False,False,False,False,False,False,False
2.647,1.286,1.278,1.602,4.508,False,False,False,False,False,False,False,False,False,False
3.196,1.38,1.234,1.321,6.018,False,False,False,False,False,False,False,False,False,False
3.378,1.38,1.25,1.654,4.854,False,False,False,False,False,False,False,False,False,False
2.396,1.593,1.351,3.32,6.023,False,False,False,False,False,False,False,False,False,False
1.983,1.714,2.105,2.358,5.062,False,False,False,False,False,False,False,False,False,False
4.086,0.452,1.843,0.37,3.463,False,False,False,False,False,False,False,False,False,False
3.353,0.405,1.418,1.878,5.018,True,False,False,False,True,False,False,False,False,False
3.174,1.586,0.91,5.361,7.382,False,True,False,False,False,True,False,False,False,False
3.567,0.711,1.501,1.759,4.043,True,False,False,False,False,False,True,False,False,False
3.591,0.58,1.685,1.851,4.117,False,False,False,False,True,False,False,False,False,False
3.81,1.025,1.055,0.215,3.838,False,False,False,False,False,True,False,False,False,False
3.311,0.972,2.208,-0.165,4.244,False,False,False,False,False,False,True,False,False,False
0.667,1.03,0.906,1.064,5.558,False,False,False,False,False,False,False,False,False,False
3.979,1.306,1.404,5.176,4.239,False,False,False,False,True,False,False,False,False,False
2.862,1.54,1.226,3.896,6.171,False,False,False,False,False,False,False,False,False,False
2.183,0.93,0.846,1.395,4.739,False,False,False,False,False,False,False,False,False,False
2.74,1.04,1.603,2.646,4.215,False,False,False,False,True,False,False,False,False,False
3.001,0.651,0.781,4.203,5.262,False,False,False,False,False,False,False,False,False,False
3.378,1.38,1.25,1.654,5.933,False,False,False,False,False,False,False,False,False,False
3.55,1.182,1.624,2.433,4.811,False,False,False,False,False,False,False,False,False,False
4.311,1.496,0.964,3.522,5.19,False,False,False,False,False,False,False,False,False,False
3.587,0.675,2.108,2.527,3.656,False,False,False,False,False,False,False,False,False,False
2.893,1.236,0.907,3.842,6.047,False,False,False,False,False,False,False,False,False,False
3.898,0.887,1.45,4.066,5.999,False,False,False,False,False,False,False,False,False,False
3.675,1.718,1.248,3.167,4.136,False,False,False,False,False,False,False,False,False,False
2.817,1.012,1.521,-1.169,2.069,False,False,False,False,False,False,True,False,False,False
3.937,0.762,1.708,1.145,3.297,False,False,False,False,False,False,False,False,False,False
1.965,1.028,0.762,2.116,5.303,False,False,False,False,False,False,False,False,False,False
2.819,0.732,1.483,1.717,2.941,False,False,False,False,False,False,False,False,False,False
2.019,1.317,0.77,3.617,5.93,False,False,False,False,False,False,False,False,False,False
1.822,0.681,0.794,2.335,3.696,False,False,False,False,False,False,False,False,False,False
2.928,1.131,0.908,3.508,5.86,False,False,False,False,False,True,False,False,False,False
2.479,0.887,0.954,1.748,4.119,False,False,False,False,False,False,False,False,False,False
3.793,0.134,0.93,4.054,6.038,False,False,False,False,False,False,False,False,False,False
3.38,1.749,1.135,3.305,4.951,False,False,False,False,True,False,False,False,False,False
4.181,0.57,1.383,4.379,6.213,False,False,False,False,False,False,False,False,False,False
2.297,0.762,0.798,2.841,3.555,False,False,False,False,False,False,False,False,False,False
2.206,1.3,1.36,2.371,4.739,False,False,False,False,False,False,False,False,False,False
3.407,1.548,1.653,1.145,6.258,False,False,False,False,False,False,False,False,False,False
1.844,1.275,0.804,3.109,6.784,False,False,False,False,False,False,False,False,False,False
2.216,0.389,0.796,1.953,3.751,False,False,False,False,False,False,False,False,False,False
4.372,0.134,1.254,5.339,6.569,False,False,False,False,False,False,False,False,False,False
3.065,1.079,0.825,5.472,6.882,False,False,False,False,False,False,False,False,False,False
1.786,0.702,1.081,-1.265,8.132,False,False,False,False,False,False,False,False,False,False
1.883,0.916,1.207,1.188,1.153,False,False,False,False,True,False,False,False,False,False
2.11,0.773,0.773,2.57,3.36,False,False,False,False,True,False,False,False,False,False
1.975,0.802,0.775,2.799,4.227,True,False,False,False,False,False,False,False,False,False
3.629,0.223,0.802,3.571,4.269,False,False,False,False,False,False,False,False,False,False
2.309,0.907,0.871,3.046,3.782,False,False,False,False,False,False,False,False,False,False
3.316,0.223,1.571,1.795,3.854,True,False,False,False,False,False,False,False,False,False
4.223,0.638,1.117,3.557,8.169,False,False,False,False,True,False,False,False,False,False
3.333,0.405,0.963,2.974,5.63,True,False,False,False,False,False,False,False,False,False
3.749,0.331,1.278,2.773,4.777,False,False,False,False,False,False,False,False,False,False
3.351,0.797,2.456,-0.197,3.903,False,True,False,False,False,False,False,False,False,False
3.098,0.93,1.075,2.702,5.65,False,False,False,False,False,False,False,False,False,False
3.734,0.223,1.374,3.661,5.159,False,False,False,False,False,False,False,False,False,False
3.073,1.493,1.279,3.737,6.645,False,False,False,False,False,False,False,False,False,False
3.249,2.071,1.327,3.948,6.446,False,False,False,False,False,False,False,False,False,False
2.137,0.223,1.375,0.548,4.865,False,False,True,False,False,False,False,False,False,False
4.247,0.58,1.36,3.062,5.066,False,True,False,False,True,False,False,False,False,False
2.375,1.026,1.09,2.553,3.895,False,False,False,False,True,False,False,False,False,False
1.634,0.713,1.19,1.313,2.056,False,False,False,False,False,False,False,False,False,False
2.309,0.762,0.845,1.091,3.601,True,False,False,False,False,False,False,False,False,False
3.219,0.811,1.127,2.604,4.257,False,False,False,False,False,False,False,False,False,False
4.205,1.512,1.046,2.11,5.002,False,False,False,False,False,True,False,False,False,False
2.24,0.405,1.203,-0.316,2.286,False,False,False,False,False,False,False,False,False,False
2.233,0.46,0.789,2.206,4.96,True,False,False,False,False,False,False,False,False,False
3.24,0.693,1.487,1.002,3.598,True,False,False,False,False,False,False,False,False,False
2.297,0.762,0.798,2.841,3.608,False,False,False,False,False,False,False,False,False,False
2.374,0.811,0.817,2.841,5.277,True,False,False,False,False,False,False,False,False,False
2.568,0.389,1.012,2.296,3.513,False,False,False,False,False,False,False,False,False,False
3.734,0.223,1.282,2.502,3.387,False,False,False,False,False,False,False,False,False,False
3.601,0.223,1.254,2.357,3.141,False,False,False,False,True,False,False,False,False,False
3.08,0.405,1.609,1.619,3.528,False,False,False,False,False,True,False,False,False,False
3.734,0.223,1.426,2.502,3.18,False,False,False,False,False,False,False,False,False,False
4.532,0.405,1.189,4.639,5.307,True,False,False,False,False,False,False,True,False,False
4.324,0.0,1.205,4.738,4.302,False,False,False,False,True,False,False,False,False,False
3.08,0.223,1.462,1.442,3.518,True,False,False,False,False,False,False,False,False,False
3.073,0.693,1.438,0.787,1.055,False,False,False,False,False,True,False,False,False,False
1.962,1.345,0.783,3.617,5.752,False,False,False,False,False,False,False,False,False,False
3.386,0.251,1.225,1.586,3.086,False,False,False,False,False,False,False,False,False,False
2.448,0.638,0.921,1.701,3.521,False,False,False,False,False,False,False,False,False,False
3.25,0.0,0.95,3.259,3.926,False,False,False,False,False,False,False,False,False,False
2.824,0.223,1.051,1.801,3.168,False,False,False,False,False,False,False,False,False,False
3.134,0.223,1.193,1.548,2.692,False,False,False,False,False,False,False,False,False,False
3.11,0.0,1.079,2.42,3.974,False,True,False,False,False,False,False,False,False,False
2.309,0.762,1.118,-0.129,2.715,False,False,False,False,False,True,False,False,False,False
3.2,0.711,1.235,0.779,2.681,False,False,False,False,False,False,True,False,False,False
3.337,1.443,0.913,6.166,7.429,False,False,False,False,False,False,False,False,False,False
2.077,1.236,0.829,3.458,4.424,False,False,False,False,True,False,False,False,False,False
2.086,0.331,1.221,0.143,3.815,True,False,False,False,False,False,False,False,False,False
3.7,0.223,1.556,2.446,3.662,False,False,False,False,True,False,False,False,False,False
0.965,0.732,1.359,0.435,3.481,False,False,False,False,True,False,False,False,False,False
2.183,0.93,0.846,1.395,4.224,False,False,False,False,False,False,False,False,False,False
2.031,0.496,1.952,-0.703,1.231,False,False,False,False,True,False,False,False,False,False
2.428,0.956,2.609,0.113,1.301,False,False,False,False,False,False,False,False,False,False
3.871,0.829,1.558,3.026,4.539,False,False,False,False,True,False,False,False,False,False
3.046,0.0,1.333,2.352,4.075,False,False,False,False,False,True,False,False,False,False
4.532,0.405,1.189,4.639,5.104,False,True,False,False,False,False,True,False,False,False
2.238,1.513,2.078,0.489,4.513,False,False,False,False,False,False,False,False,False,False
2.841,0.88,1.705,0.226,1.647,False,False,False,False,False,False,True,False,False,False
4.031,1.113,1.106,4.579,7.64,True,False,False,False,False,True,False,False,False,False
2.479,0.887,0.954,1.748,4.912,False,False,False,False,False,False,False,False,False,False
3.252,0.223,1.077,2.51,4.02,False,False,False,False,False,False,False,False,False,False
2.094,0.827,0.86,1.886,5.449,False,False,False,False,False,False,False,False,False,False
2.728,0.134,0.923,2.102,3.42,False,False,False,False,False,False,False,False,False,False
2.824,0.223,1.0,2.102,3.36,True,False,False,False,False,False,False,False,False,False
2.971,0.972,1.255,2.052,4.565,False,False,False,False,False,True,False,False,False,False
2.477,0.405,0.876,1.7,2.474,False,False,False,False,True,False,False,False,False,False
1.977,1.112,0.881,2.37,4.798,False,False,False,False,False,False,False,False,False,False
2.439,0.93,0.924,1.748,5.007,False,False,False,False,False,False,False,False,False,False
3.049,0.762,1.258,1.996,4.369,False,False,False,False,False,True,False,False,False,False
3.78,0.0,1.182,3.854,4.938,False,False,False,False,False,False,False,False,False,False
3.219,0.811,1.151,2.604,3.397,False,False,False,False,False,False,False,False,False,False
2.495,0.56,0.835,1.643,1.969,False,False,False,False,True,False,False,False,False,False
3.026,0.405,1.787,1.373,2.551,False,False,False,False,True,False,False,False,False,False
2.875,0.582,2.311,1.587,3.075,False,False,False,False,False,False,False,False,False,False
2.126,0.83,0.899,3.478,4.263,False,False,False,False,False,False,False,False,False,False
1.639,0.83,1.445,2.081,5.05,False,True,False,False,False,False,False,False,False,False
3.669,0.486,1.374,3.291,4.61,False,False,False,False,False,False,False,False,False,False
3.609,0.811,1.208,3.291,4.469,False,False,False,False,False,False,False,False,False,False
2.33,0.932,0.931,2.529,4.559,False,False,False,False,True,False,False,False,False,False
2.542,0.429,1.891,0.562,2.12,False,False,False,False,False,False,False,False,False,False
2.456,0.331,0.875,1.294,2.263,False,False,False,False,True,False,False,False,False,False
3.18,1.281,1.246,2.492,4.963,False,False,False,False,False,False,False,False,False,False
2.482,1.303,1.415,0.575,4.919,False,False,False,False,False,False,False,False,False,False
2.719,0.891,2.292,1.94,3.289,False,False,False,False,False,False,False,False,False,False
3.023,0.56,1.168,1.75,3.379,False,False,False,False,True,False,False,False,False,False
2.251,0.638,0.871,1.61,4.021,True,False,False,False,False,False,False,False,False,False
4.88,0.134,1.853,2.217,4.77,False,False,False,False,False,False,False,False,False,False
2.08,0.891,0.816,2.729,4.41,False,False,False,False,False,False,False,False,False,False
2.876,0.928,1.372,1.737,6.148,False,False,False,False,True,False,False,False,False,False
2.251,0.638,0.871,1.61,4.175,True,False,False,False,False,False,False,False,False,False
4.139,0.496,1.43,4.206,5.767,False,False,False,False,True,False,False,False,False,False
2.122,1.621,1.511,2.64,5.677,False,False,False,False,False,False,False,False,False,False
4.061,0.134,1.658,-0.294,3.151,False,False,False,False,False,False,False,False,False,False
3.067,1.286,1.309,2.223,5.318,False,False,False,False,False,False,False,False,False,False
2.125,0.73,1.537,0.883,3.007,False,False,False,False,False,False,False,False,False,False
3.452,0.331,1.098,2.54,3.742,False,False,False,False,True,False,False,False,False,False
2.479,0.887,0.954,1.748,5.341,False,False,False,False,False,False,False,False,False,False
3.528,1.74,1.288,0.626,5.466,False,False,False,False,False,False,False,False,False,False
2.802,0.223,1.6,1.064,1.999,False,False,False,False,True,False,False,False,False,False
3.609,0.811,1.208,3.291,4.247,False,False,False,False,False,False,False,False,False,False
3.198,0.405,1.399,1.897,3.874,False,False,False,False,False,False,False,False,False,False
2.888,0.251,1.771,1.398,2.983,False,False,False,False,False,False,False,False,False,False
4.443,0.251,1.287,4.453,6.483,False,False,False,True,False,False,True,False,False,False
1.783,0.57,1.187,2.033,6.064,True,False,False,False,False,False,False,False,False,False
2.333,0.251,2.327,-0.241,3.884,False,False,False,False,False,False,False,False,False,False
3.526,0.711,1.586,1.569,3.66,False,False,False,False,False,False,True,False,False,False
3.526,0.711,1.596,0.757,3.423,False,False,False,False,False,False,True,False,False,False
2.366,0.405,1.735,-0.534,0.242,False,False,False,False,False,False,False,False,False,False
2.508,0.58,0.941,1.701,3.799,False,False,False,False,False,False,False,False,False,False
4.436,0.764,1.227,5.258,5.412,False,False,False,False,True,False,False,False,False,False
4.356,1.028,1.224,5.741,5.758,False,False,False,False,True,False,False,False,False,False
2.183,0.93,0.846,1.395,3.666,False,False,False,False,False,False,False,False,False,False
3.012,0.223,1.023,2.193,3.751,False,False,False,False,False,False,False,False,False,False
3.103,0.134,1.016,2.193,3.21,False,False,False,False,False,False,False,False,False,False
3.05,0.405,0.868,2.233,6.195,True,False,False,False,False,False,True,False,False,False
2.585,1.586,1.352,4.092,6.551,False,False,False,False,False,False,False,False,False,False
1.962,1.345,0.783,3.617,5.352,False,False,False,False,False,False,False,False,False,False
3.143,0.134,1.641,1.209,2.264,False,False,False,False,False,False,False,False,False,False
2.803,1.501,1.124,4.053,5.385,False,False,False,False,False,False,False,False,False,False
2.126,0.977,0.771,3.795,4.762,False,False,False,False,False,False,False,False,False,False
4.532,0.405,1.189,4.639,5.541,False,True,False,False,False,True,False,False,False,False
2.528,0.58,1.297,1.539,3.025,False,False,False,False,False,False,False,False,False,False
3.103,0.134,1.016,2.193,3.651,False,False,False,False,False,False,False,False,False,False
3.171,0.134,1.189,2.42,3.569,True,False,False,False,False,False,False,False,False,False
3.103,0.134,1.016,2.193,3.22,False,False,False,False,False,False,False,False,False,False
2.456,0.64,0.937,2.461,4.286,False,False,False,False,False,False,False,False,False,False
3.26,0.251,1.287,1.994,2.745,False,False,False,False,True,False,False,False,False,False
2.802,0.223,1.6,1.064,4.423,True,False,False,False,False,False,False,False,False,False
3.08,0.223,1.583,1.442,2.369,False,False,False,False,True,False,False,False,False,False
3.046,0.0,1.333,2.352,3.614,False,False,False,True,False,False,False,False,False,False
2.217,0.659,0.788,1.758,3.727,False,False,False,False,False,False,False,False,False,False
4.258,0.223,1.538,4.506,5.741,False,False,False,False,True,False,False,False,False,False
4.717,0.223,1.288,4.804,6.384,True,False,False,False,True,False,False,False,False,False
3.143,0.134,1.641,1.209,2.487,False,False,False,False,False,False,False,False,False,False
3.423,1.19,1.993,-1.358,3.689,False,False,False,False,False,False,False,True,False,False
3.332,0.134,1.068,2.242,3.806,False,False,False,False,False,False,False,False,False,False
2.748,0.223,2.048,0.8,1.462,False,False,False,False,False,False,False,False,False,False
4.135,0.58,1.263,2.904,5.538,True,False,False,False,False,True,False,False,False,False
3.485,0.223,1.614,1.94,2.853,False,False,False,False,False,False,False,False,False,False
2.377,0.827,0.938,2.239,5.005,False,False,False,False,False,False,False,False,False,False
2.508,0.58,0.941,1.701,3.483,False,False,False,False,False,False,False,False,False,False
2.377,0.827,0.938,2.239,3.991,False,False,False,False,False,False,False,False,False,False
3.314,0.331,1.173,3.112,3.812,True,False,False,False,False,False,False,False,False,False
3.788,0.693,1.365,2.576,4.664,False,False,False,False,False,True,False,False,False,False
2.086,1.685,0.396,4.594,6.72,False,False,False,False,False,False,False,False,False,False
2.26,1.443,0.902,4.926,6.006,False,False,False,False,False,False,False,False,False,False
1.925,1.364,0.421,4.19,5.591,False,False,False,False,False,False,False,False,False,False
2.377,0.827,0.938,2.239,5.083,False,False,False,False,False,False,False,False,False,False
2.215,0.887,0.888,1.395,4.33,False,False,False,False,False,False,False,False,False,False
3.905,0.56,1.399,2.65,4.947,True,False,False,False,False,False,False,False,False,False
3.023,0.56,1.349,1.239,3.917,True,False,False,False,False,False,False,False,False,False
2.726,0.496,1.179,1.06,3.661,False,False,False,False,True,False,False,False,False,False
2.568,0.582,0.931,2.461,3.594,False,False,False,False,False,False,False,False,False,False
2.636,0.827,0.999,2.573,4.393,False,False,False,False,False,False,False,False,False,False
2.439,0.93,0.924,1.748,4.856,False,False,False,False,False,False,False,False,False,False
2.781,0.711,1.147,1.515,3.846,False,False,False,False,False,False,False,False,False,False
4.137,0.223,1.542,4.234,5.194,False,False,False,False,True,False,False,False,False,False
1.733,1.077,0.81,3.11,4.63,False,False,False,False,False,False,False,False,False,False
2.377,0.827,0.938,2.239,3.91,False,False,False,False,False,False,False,False,False,False
2.215,0.887,0.888,1.395,3.932,False,False,False,False,False,False,False,False,False,False
2.377,0.827,0.938,2.239,5.146,False,False,False,False,False,False,False,False,False,False
2.11,0.58,0.805,1.61,3.391,False,False,False,False,False,False,False,False,False,False
2.583,0.762,1.104,1.968,3.882,False,False,False,False,True,False,False,False,False,False
2.11,0.58,0.805,1.61,3.787,False,False,False,False,False,False,False,False,False,False
2.329,0.711,0.868,1.229,3.097,False,False,False,False,True,False,False,False,False,False
2.512,0.134,0.862,1.506,3.078,False,False,False,False,False,False,False,False,False,False
1.512,0.57,0.879,-0.317,2.445,False,False,False,False,True,False,False,False,False,False
2.092,1.359,2.273,1.246,4.796,True,False,False,False,True,False,False,False,False,False
1.774,0.429,2.299,-0.41,1.897,False,False,False,False,False,False,False,False,False,False
3.052,0.638,0.903,3.237,4.906,False,False,False,False,False,False,False,False,False,False
3.314,0.331,1.397,2.048,4.473,False,False,True,False,False,False,False,False,False,False
3.554,0.629,0.945,3.315,3.459,False,False,False,False,False,False,False,False,False,False
2.726,0.496,1.179,1.06,2.126,False,False,False,False,True,False,False,False,False,False
2.983,0.496,2.106,-0.521,1.68,False,False,False,False,False,False,False,False,False,False
2.778,0.83,1.046,3.562,6.652,False,False,False,False,False,False,False,False,False,False
2.634,0.223,1.298,0.943,3.131,False,False,False,False,False,False,False,False,False,False
2.08,0.891,0.816,2.729,4.62,False,False,False,False,False,False,False,False,False,False
2.536,0.496,1.482,0.204,3.03,False,False,False,False,True,False,False,False,False,False
2.034,0.64,1.727,0.8,2.072,False,False,False,False,False,False,False,False,False,False
2.755,0.83,1.656,2.957,3.746,False,False,False,False,False,False,False,False,False,False
1.892,1.441,0.776,3.426,6.087,False,False,False,False,False,False,False,False,False,False
3.402,0.604,1.517,3.451,5.086,False,False,False,False,False,False,False,False,False,False
3.219,0.811,1.127,2.604,4.759,False,False,False,False,False,False,False,False,False,False
3.137,0.251,1.335,1.141,2.412,False,False,False,False,False,False,False,False,False,False
3.195,0.496,1.133,2.222,4.446,False,False,False,False,True,False,False,False,False,False
1.0,1.15,0.968,0.996,3.499,False,False,False,False,True,False,False,False,False,False
3.343,1.068,0.923,2.538,3.327,False,False,False,False,False,False,False,False,False,False
2.126,1.278,0.896,4.634,5.361,False,False,False,False,False,False,False,False,False,False
2.019,1.126,0.793,3.314,4.737,False,False,False,False,False,False,False,False,False,False
2.217,0.764,0.859,2.269,5.308,True,False,False,False,False,False,False,False,False,False
2.019,1.126,0.793,3.314,5.001,False,False,False,False,False,False,False,False,False,False
2.025,0.932,0.851,2.212,4.672,True,False,False,False,False,False,False,False,False,False
2.479,0.887,0.954,1.748,4.181,False,False,False,False,False,False,False,False,False,False
1.946,0.223,1.929,-0.172,0.534,False,False,False,False,False,False,False,False,False,False
3.651,1.151,0.911,2.278,4.54,False,False,False,False,False,True,False,False,False,False
3.252,0.223,1.077,2.51,4.093,False,False,False,False,False,False,False,False,False,False
2.987,1.076,0.921,3.318,6.077,False,False,False,False,True,False,False,False,False,False
3.405,0.251,1.56,1.272,4.132,False,False,False,False,False,False,False,False,False,False
2.43,0.496,0.849,1.237,3.133,False,False,False,False,True,False,False,False,False,False
2.233,1.07,0.841,3.377,5.251,True,False,False,False,False,False,False,False,False,False
2.065,1.062,0.852,2.463,4.399,False,False,False,False,False,False,False,False,False,False
2.469,0.582,0.913,2.688,4.002,False,False,False,False,False,False,False,False,False,False
3.08,0.223,1.583,1.442,3.757,True,False,False,False,False,False,False,False,False,False
1.634,0.798,1.093,0.68,2.569,False,False,False,False,False,False,False,False,False,False
3.596,0.972,0.941,4.179,4.828,False,False,False,False,True,False,False,False,False,False
1.634,0.713,1.19,0.501,2.319,False,False,False,False,False,False,False,False,False,False
3.675,1.112,1.314,3.474,4.706,False,False,False,False,True,False,False,False,False,False
3.333,0.405,0.963,2.974,4.632,True,False,False,False,False,False,False,False,False,False
2.396,0.223,1.778,0.347,0.778,False,False,False,False,False,False,False,False,False,False
2.026,0.223,1.667,0.202,0.855,False,False,False,False,True,False,False,False,False,False
1.751,0.629,1.483,-0.317,0.361,False,False,False,False,False,False,False,False,False,False
2.189,1.586,2.0,3.291,5.242,False,False,False,False,False,False,False,False,False,False
1.333,0.754,1.148,-0.386,3.487,False,False,False,False,True,False,False,False,False,False
2.034,0.331,2.672,-0.273,0.841,True,False,False,False,False,False,False,False,False,False
0.973,0.988,1.489,0.18,2.725,False,False,False,False,True,False,False,False,False,False
3.828,1.259,0.966,4.279,8.604,True,False,False,False,False,True,False,False,False,False
3.029,0.331,2.13,0.967,1.885,False,False,False,False,True,False,False,False,False,False
3.003,0.134,1.413,2.242,2.647,False,False,False,False,False,False,False,False,False,False
3.74,0.134,1.581,2.274,4.396,False,False,False,False,False,False,False,False,False,False
2.555,1.11,1.686,0.289,2.601,False,False,False,False,False,False,False,False,False,False
3.86,0.223,1.55,3.661,4.51,False,False,False,False,True,False,False,False,False,False
3.98,0.223,1.723,2.894,4.703,False,False,False,False,False,False,False,False,False,False
1.783,0.331,1.667,0.087,1.777,False,False,False,False,False,False,False,False,False,False
2.126,0.251,1.719,0.087,2.458,False,False,False,False,False,False,False,False,False,False
4.191,0.762,2.195,1.239,2.618,False,False,False,False,False,False,False,False,False,False
3.065,0.923,1.317,1.271,2.015,False,False,False,False,False,False,False,False,False,False
3.961,0.405,1.083,3.987,5.842,True,False,False,False,False,False,False,False,False,False
3.005,1.683,0.774,4.804,7.287,False,False,False,False,False,False,False,False,False,False
4.36,0.405,1.228,4.235,6.665,True,False,False,False,False,True,False,False,False,False
3.027,0.331,1.011,1.807,3.009,False,False,False,False,True,False,False,False,False,False
2.448,0.638,0.921,1.701,3.513,False,False,False,False,False,False,False,False,False,False
3.461,0.223,1.111,2.357,3.393,False,False,False,False,True,False,False,False,False,False
4.219,1.033,0.963,4.246,9.354,False,False,False,False,True,False,False,False,False,False
2.479,0.887,0.954,1.748,4.208,False,False,False,False,False,False,False,False,False,False
3.676,0.405,1.524,2.289,3.976,False,False,False,False,True,False,False,False,False,False
3.033,0.693,1.312,1.21,4.832,True,False,False,False,False,False,False,False,False,False
2.684,0.988,1.226,3.076,4.404,False,False,False,False,True,False,False,False,False,False
2.396,0.223,1.778,0.347,1.121,False,False,False,False,False,False,False,False,False,False
2.748,0.223,1.705,0.8,1.589,False,False,False,False,False,False,False,False,False,False
3.035,0.223,1.662,1.209,2.217,False,False,False,False,False,False,False,False,False,False
2.585,0.0,0.917,2.255,3.502,False,False,False,False,False,False,False,False,False,False
1.439,1.079,1.867,2.226,3.402,False,False,False,False,False,False,False,False,False,False
3.444,0.88,1.466,1.95,4.004,False,False,False,False,False,False,True,False,False,False
5.158,0.134,1.791,3.118,6.04,False,False,False,False,False,False,False,False,False,False
2.526,0.713,1.201,2.213,3.561,True,False,False,False,False,False,False,False,False,False
3.593,1.236,1.166,4.268,7.607,False,False,False,False,False,False,False,False,False,False
3.376,1.278,0.915,5.934,4.862,False,False,False,False,False,False,False,False,False,False
3.98,0.452,2.013,-0.022,1.81,False,False,False,False,False,False,False,False,False,False
4.305,0.223,1.348,3.909,5.192,False,False,True,False,False,True,False,False,False,False
2.926,0.582,1.939,1.548,3.046,False,False,False,False,False,False,False,False,False,False
4.166,0.134,1.556,4.098,5.912,False,False,False,False,False,False,False,False,False,False
2.938,1.385,1.225,1.02,4.593,False,False,False,False,False,True,False,False,False,False
4.536,0.223,1.29,4.907,6.634,False,False,False,False,False,False,False,False,False,False
3.134,0.223,1.319,1.795,4.804,False,False,False,False,False,False,False,False,False,False
2.165,0.134,1.912,-0.172,2.3,False,False,False,False,False,False,False,False,False,False
1.126,0.134,1.431,-0.317,1.399,False,False,False,False,False,False,False,False,False,False
1.429,0.223,1.75,-0.317,3.076,True,False,False,False,False,False,False,False,False,False
1.429,0.223,1.804,-0.564,2.72,False,False,False,False,False,False,False,False,False,False
1.0,0.83,1.432,1.672,2.856,False,False,False,False,True,False,False,False,False,False
0.965,0.64,1.695,0.202,3.272,False,False,False,False,True,False,False,False,False,False
3.001,0.134,2.92,-2.884,2.375,False,False,False,False,False,False,False,False,False,False
2.748,0.223,1.705,0.8,1.063,False,False,False,False,False,False,False,False,False,False
1.279,0.811,1.313,0.58,2.925,False,False,False,False,False,False,False,False,False,False
3.08,0.223,1.583,1.442,3.061,False,False,False,False,True,False,False,False,False,False
1.523,1.028,1.512,0.996,2.693,False,False,False,False,True,False,False,False,False,False
1.832,1.209,1.364,-0.792,3.828,False,False,False,False,False,False,False,False,False,False
1.701,1.443,1.905,2.957,4.44,False,False,False,False,False,False,False,False,False,False
1.094,1.236,1.461,0.996,1.911,False,False,False,False,True,False,False,False,False,False
2.931,1.71,0.935,5.124,7.017,False,True,False,False,False,True,False,False,False,False
2.126,0.83,1.455,2.459,4.184,True,False,False,False,False,False,False,False,False,False
3.641,0.331,1.933,1.971,3.246,True,False,False,False,False,False,False,False,False,False
2.137,0.223,1.179,0.655,3.841,False,False,False,False,False,False,False,False,False,False
3.514,0.0,1.375,3.038,4.465,False,True,False,False,False,True,False,False,False,False
3.668,0.134,1.132,2.502,3.782,False,False,False,False,False,False,False,False,False,False
2.632,0.429,1.176,1.074,2.975,False,False,False,False,False,False,False,False,False,False
2.465,1.586,1.0,3.558,7.591,False,False,False,False,False,False,False,True,False,False
2.33,0.58,1.776,-0.741,0.89,False,False,False,False,False,True,False,False,False,False
3.465,0.0,0.963,3.267,3.407,False,False,False,True,False,False,False,False,False,False
3.277,0.223,1.633,1.587,2.182,False,False,False,False,False,False,False,False,False,False
2.866,0.223,1.288,1.442,1.906,False,False,False,False,False,False,False,False,False,False
3.738,1.131,1.584,2.558,4.422,True,False,False,False,False,True,False,False,False,False
2.08,1.033,0.902,3.157,3.693,False,False,False,False,False,False,False,False,False,False
3.739,0.0,1.204,3.374,5.689,True,False,False,False,True,False,False,False,False,False
3.191,0.223,1.154,1.737,2.686,False,False,False,False,False,False,False,False,False,False
3.815,1.825,1.351,-0.45,4.691,False,False,False,False,False,False,False,False,False,False
4.628,1.209,1.968,2.437,4.551,False,False,False,False,False,False,False,False,False,False
3.41,0.223,1.278,1.947,2.737,True,False,False,False,False,True,False,False,False,False
2.739,0.0,1.3,1.974,2.953,True,False,False,False,True,False,False,False,False,False
2.748,0.223,1.705,0.8,1.691,False,False,False,False,False,False,False,False,False,False
2.024,0.83,1.761,2.226,2.928,False,False,False,False,False,False,False,False,False,False
2.665,0.251,1.762,-0.534,1.817,False,False,False,False,False,False,False,False,False,False
2.748,0.223,1.705,0.8,1.305,False,False,False,False,False,False,False,False,False,False
2.462,0.223,1.625,0.655,1.352,False,False,False,False,True,False,False,False,False,False
2.377,0.331,1.734,-0.534,1.474,False,False,False,False,False,False,False,False,False,False
3.2,1.531,1.059,3.089,6.16,False,False,False,False,False,False,False,False,False,False
1.439,1.079,1.867,2.226,3.213,False,False,False,False,False,False,False,False,False,False
1.126,1.079,1.44,2.081,3.47,True,False,False,False,True,False,False,False,False,False
1.636,0.331,1.265,-0.38,2.766,True,False,False,False,True,False,False,False,False,False
2.024,0.405,2.065,0.133,2.269,False,False,False,False,True,False,False,False,False,False
1.5,1.278,1.868,2.604,3.916,False,False,False,False,False,False,False,False,False,False
3.957,0.223,1.269,2.998,4.577,False,True,False,False,False,False,True,False,False,False
3.383,1.408,0.892,4.804,5.44,False,False,False,False,False,False,False,False,False,False
3.819,0.615,0.864,4.878,3.715,False,False,False,False,False,False,False,False,False,False
3.044,1.028,0.959,3.762,5.95,True,False,False,False,False,False,False,False,False,False
3.776,0.405,0.92,3.306,4.691,False,False,False,False,False,False,False,False,False,False
3.39,0.934,0.889,4.436,5.264,False,False,False,False,False,False,False,False,False,False
3.645,0.223,1.155,3.105,4.81,False,False,False,False,False,False,False,False,False,False
3.921,0.251,1.398,1.622,3.416,False,False,False,False,False,False,False,False,False,False
3.993,0.223,1.214,3.563,4.611,True,False,False,False,False,False,False,False,False,False
2.507,0.405,1.652,0.888,2.495,False,False,False,False,False,True,False,False,False,False
4.566,0.357,1.394,3.903,6.923,False,False,False,True,True,False,False,False,False,False
2.377,1.278,0.974,4.658,5.372,False,False,False,False,False,False,False,False,False,False
2.118,0.956,2.539,-0.406,3.845,False,False,False,False,False,False,False,False,False,False
2.523,0.56,1.602,0.052,4.384,True,False,False,False,True,False,False,False,False,False
3.361,0.223,1.342,2.129,5.485,False,False,False,False,False,False,False,False,False,False
3.7,0.223,1.556,3.358,3.971,False,False,False,False,True,False,False,False,False,False
2.818,0.83,1.386,2.899,3.92,False,False,False,False,False,False,False,False,False,False
3.465,0.0,0.802,3.958,4.984,False,False,False,False,False,False,False,False,False,False
3.003,0.134,1.032,2.152,4.171,False,False,False,False,False,False,False,False,False,False
4.268,0.916,1.19,1.936,7.849,False,False,False,False,False,True,False,False,False,False
3.26,0.405,0.921,2.782,4.578,False,False,False,False,False,False,False,False,False,False
3.426,0.85,1.792,2.59,4.377,False,False,False,False,False,False,False,False,False,False
3.888,0.693,0.978,4.633,6.6,False,False,False,False,False,True,False,False,False,False
3.477,0.693,1.344,2.577,4.116,False,False,False,False,False,True,False,False,False,False
4.05,0.693,1.381,3.618,5.49,False,False,False,False,False,True,False,False,False,False
4.05,0.693,1.381,3.618,5.367,False,False,False,False,False,True,False,False,False,False
3.557,0.331,1.301,2.209,4.711,False,True,False,False,True,False,False,False,False,False
4.073,0.693,1.171,4.091,5.224,False,False,False,False,False,True,False,False,False,False
2.744,0.496,0.753,3.018,4.284,False,False,False,False,False,False,False,False,False,False
3.252,0.134,0.875,2.859,5.292,False,False,False,False,False,False,False,False,False,False
2.815,0.56,1.585,0.43,2.758,False,False,False,False,False,True,False,False,False,False
2.031,0.854,2.591,-0.816,2.689,False,False,False,False,False,False,False,False,False,False
3.265,0.496,0.962,3.055,4.732,False,False,False,False,True,False,False,False,False,False
2.085,1.079,0.895,4.063,4.89,False,False,False,False,False,False,False,False,False,False
2.351,1.586,1.25,3.659,6.416,False,False,False,False,False,False,False,True,False,False
2.822,0.811,1.524,-2.089,0.6,False,False,False,False,False,False,False,False,False,False
3.315,0.916,1.753,-0.439,2.501,False,False,False,False,False,True,False,False,False,False
1.417,0.898,0.648,2.042,4.421,False,False,False,False,False,False,False,False,False,False
2.118,0.934,0.913,2.956,4.988,True,False,False,False,False,False,False,False,False,False
1.925,1.16,0.801,3.314,4.499,False,False,False,False,False,False,False,False,False,False
2.536,0.429,0.871,1.237,2.537,False,False,False,False,True,False,False,False,False,False
2.43,0.496,0.946,2.241,3.568,False,False,False,False,False,False,False,False,False,False
1.822,0.829,0.834,2.509,3.731,False,False,False,False,False,False,False,False,False,False
2.125,0.638,0.831,1.348,2.939,False,False,False,False,False,False,False,False,False,False
3.098,0.93,1.075,2.702,6.236,False,False,False,False,False,False,False,False,False,False
3.26,0.811,0.702,4.412,6.298,False,False,False,False,False,False,False,False,False,False
2.982,0.496,1.151,1.783,3.522,False,False,False,False,True,False,False,False,False,False
2.019,1.126,0.793,3.314,4.73,False,False,False,False,False,False,False,False,False,False
2.508,0.58,0.941,1.701,3.789,False,False,False,False,False,False,False,False,False,False
3.461,0.223,1.12,2.813,4.672,False,False,False,False,False,False,False,False,False,False
2.233,0.64,0.92,2.37,4.75,True,False,False,False,False,False,False,False,False,False
2.477,0.405,0.876,1.667,4.725,True,False,False,False,False,False,False,False,False,False
3.394,0.0,0.868,3.677,4.199,False,False,False,False,False,False,False,False,False,False
2.937,0.499,0.8,3.945,4.849,False,False,False,False,False,False,False,False,False,False
3.012,0.223,0.76,2.637,4.538,False,False,False,False,False,False,False,False,False,False
3.315,0.223,0.799,3.127,4.507,False,False,False,False,False,False,False,False,False,False
2.11,1.15,0.72,3.157,5.518,True,False,False,False,False,False,False,False,False,False
4.278,0.405,1.345,3.546,4.668,False,False,False,False,False,False,False,False,False,False
3.179,0.0,0.805,3.386,4.322,False,False,False,False,False,False,False,False,False,False
2.834,0.134,1.009,2.066,3.448,False,False,False,False,False,False,False,False,False,False
2.448,0.638,1.121,1.701,2.904,False,False,False,False,False,False,False,False,False,False
3.921,0.134,1.789,2.502,3.861,False,False,False,False,False,False,False,False,False,False
3.532,0.134,1.518,2.813,3.959,False,False,False,False,False,False,False,False,False,False
3.585,0.331,1.491,2.224,3.53,False,False,False,False,False,False,False,False,False,False
3.086,0.948,0.751,3.586,5.107,False,False,False,False,False,False,False,False,False,False
3.465,0.0,0.837,3.876,4.809,False,False,False,False,False,False,False,False,False,False
3.315,0.223,0.799,3.127,4.44,False,False,False,False,False,False,False,False,False,False
1.855,1.179,1.44,1.587,2.838,False,False,False,False,False,False,False,False,False,False
2.866,0.223,1.288,1.335,3.411,False,True,False,False,False,False,False,False,False,False
2.137,0.223,1.179,0.655,3.288,False,False,False,False,False,False,False,False,False,False
3.036,0.405,1.205,2.351,4.247,False,False,False,False,True,False,False,False,False,False
3.111,0.405,1.05,1.756,5.169,False,False,False,False,False,True,False,False,False,False
2.677,0.331,1.582,0.586,2.895,False,False,False,False,True,False,False,False,False,False
1.962,1.345,0.783,3.617,5.348,False,False,False,False,False,False,False,False,False,False
2.442,0.934,0.984,2.991,4.208,False,False,False,False,True,False,False,False,False,False
3.171,0.134,1.011,2.186,3.984,False,False,False,False,False,False,False,False,False,False
2.982,0.496,1.151,1.783,3.665,False,False,False,False,True,False,False,False,False,False
3.874,0.638,1.352,2.575,4.561,False,False,False,True,True,False,False,False,False,False
2.43,0.496,0.83,1.132,4.628,True,False,False,False,False,False,False,False,False,False
2.435,1.113,1.109,2.354,2.839,False,False,False,False,True,False,False,False,False,False
3.247,0.874,1.221,2.659,4.262,False,False,False,False,True,False,False,False,False,False
2.928,1.113,1.185,2.927,4.141,False,False,False,False,True,False,False,False,False,False
3.235,1.131,0.996,2.723,5.354,False,False,False,False,False,False,False,False,False,False
3.177,0.629,0.871,3.315,3.365,False,False,False,False,False,False,False,False,False,False
2.495,0.56,0.835,1.099,4.023,True,False,False,False,False,False,False,False,False,False
2.233,0.57,0.883,1.501,3.325,False,False,False,False,False,False,False,False,False,False
3.179,0.0,1.063,2.942,3.811,False,False,False,False,False,False,False,False,False,False
2.728,0.223,0.953,1.859,3.897,False,False,False,False,False,False,False,False,False,False
2.62,0.499,0.99,3.21,4.23,False,False,False,False,False,False,False,False,False,False
2.126,0.83,0.899,3.478,4.194,False,False,False,False,False,False,False,False,False,False
2.216,0.582,0.839,2.127,4.353,False,False,False,False,False,False,False,False,False,False
2.62,0.288,0.839,3.045,3.753,False,False,False,False,False,False,False,False,False,False
2.834,0.134,0.95,1.859,3.12,False,False,False,False,False,False,False,False,False,False
2.086,0.64,0.838,2.127,3.995,False,False,False,False,False,False,False,False,False,False
3.407,0.0,1.111,3.259,4.192,False,False,False,False,False,False,False,False,False,False
3.012,0.223,1.023,2.193,3.92,False,False,False,False,False,False,False,False,False,False
2.477,0.83,0.983,3.795,4.54,False,False,False,False,False,False,False,False,False,False
2.477,0.83,0.983,3.795,4.743,False,False,False,False,False,False,False,False,False,False
2.08,0.891,0.816,2.729,4.332,False,False,False,False,False,False,False,False,False,False
2.888,0.251,0.944,1.246,1.935,False,False,False,False,False,False,False,False,False,False
2.08,0.891,0.816,2.729,4.989,False,False,False,False,False,False,False,False,False,False
2.126,1.278,0.896,4.634,5.815,False,False,False,False,False,False,False,False,False,False
1.925,1.16,0.801,3.314,5.192,False,False,False,False,False,False,False,False,False,False
3.69,0.223,0.883,3.887,6.644,False,False,False,False,False,False,False,False,False,False
3.814,0.331,1.225,3.345,3.698,False,False,False,False,True,False,False,False,False,False
2.888,0.405,1.472,1.522,5.105,True,False,False,False,False,True,False,False,False,False
2.824,0.223,1.051,1.533,4.05,False,False,False,False,False,False,False,False,False,False
1.855,1.067,1.244,1.587,3.487,False,False,False,False,False,False,False,False,False,False
2.802,0.223,1.6,1.064,3.937,True,False,False,False,False,False,False,False,False,False
1.92,1.079,1.738,2.604,3.408,False,False,False,False,False,False,False,False,False,False
2.802,0.223,1.6,1.064,1.748,False,False,False,False,True,False,False,False,False,False
2.435,0.331,1.532,0.586,2.014,False,False,False,False,True,False,False,False,False,False
3.611,0.331,2.017,1.393,2.859,False,False,False,False,False,False,False,False,False,False
2.215,0.887,0.888,1.395,4.084,False,False,False,False,False,False,False,False,False,False
3.16,1.028,0.809,3.842,5.939,False,False,False,False,False,False,False,False,False,False
3.26,0.405,1.151,2.11,3.835,True,False,False,False,False,False,False,False,False,False
1.965,0.405,1.169,-0.145,3.66,True,False,False,False,False,False,False,False,False,False
1.783,0.629,0.75,0.736,3.46,True,False,False,False,False,False,False,False,False,False
2.348,0.762,0.85,2.621,3.769,False,False,False,False,False,False,False,False,False,False
3.461,0.223,1.12,2.813,4.463,False,False,False,False,False,False,False,False,False,False
3.407,0.0,1.111,3.259,4.279,False,False,False,False,False,False,False,False,False,False
2.824,0.223,1.0,2.102,2.87,False,False,False,False,True,False,False,False,False,False
2.233,0.64,0.92,2.102,3.615,False,False,False,False,True,False,False,False,False,False
2.08,0.496,0.858,1.887,3.022,False,False,False,False,False,False,False,False,False,False
2.434,1.17,0.996,1.391,3.575,True,False,False,False,False,False,False,False,False,False
2.765,0.331,0.951,1.49,2.55,False,False,False,False,True,False,False,False,False,False
2.43,0.496,0.946,2.241,3.66,False,False,False,False,False,False,False,False,False,False
2.252,1.075,0.885,2.005,5.303,False,False,False,False,False,False,False,False,False,False
2.508,0.58,0.941,1.701,3.242,False,False,False,False,False,False,False,False,False,False
2.508,0.58,0.941,1.701,3.345,False,False,False,False,False,False,False,False,False,False
2.251,0.638,0.871,1.61,4.416,True,False,False,False,False,False,False,False,False,False
2.094,0.827,0.86,1.886,4.239,False,False,False,False,False,False,False,False,False,False
3.739,0.0,1.25,3.267,4.638,False,True,False,False,False,True,False,False,False,False
3.332,0.134,1.519,2.51,3.415,False,False,False,False,False,False,False,False,False,False
2.43,0.496,0.946,2.241,3.441,False,False,False,False,False,False,False,False,False,False
2.815,0.56,1.585,0.43,4.59,True,False,False,False,True,False,False,False,False,False
1.5,0.405,1.669,-0.386,2.661,False,False,False,False,True,False,False,False,False,False
3.126,0.693,1.69,1.024,4.282,False,True,False,False,False,True,False,False,False,False
3.86,0.223,1.429,2.502,3.919,False,False,False,False,False,False,False,False,False,False
1.814,1.316,1.074,1.119,3.35,False,False,False,False,True,False,False,False,False,False
3.69,1.159,1.295,4.449,5.749,False,False,False,False,False,True,False,False,False,False
4.211,0.932,1.045,4.832,8.916,False,False,False,False,True,False,False,False,False,False
2.16,1.16,1.607,1.94,3.13,False,False,False,False,False,False,False,False,False,False
4.327,0.56,1.254,3.399,6.683,False,True,False,False,False,False,False,False,True,False
3.057,1.636,0.995,4.452,8.433,False,False,False,False,False,True,False,False,False,False
3.401,0.732,1.185,2.791,3.529,False,False,False,False,True,False,False,False,False,False
2.086,1.501,0.766,3.909,6.093,False,False,False,False,False,False,False,False,False,False
3.08,0.223,1.462,1.442,2.494,False,True,False,False,False,False,False,False,False,False
3.41,0.134,1.722,-1.174,3.017,False,False,False,False,False,False,False,False,False,False
3.101,1.535,1.326,1.655,6.238,False,False,False,False,True,False,False,False,False,False
3.599,0.702,1.514,3.247,6.183,False,True,False,False,True,False,False,False,False,False
2.986,0.961,1.669,1.798,3.152,False,False,False,False,False,False,False,True,False,False
2.804,1.11,0.618,1.317,6.254,False,False,False,False,False,False,False,False,False,True
3.67,0.728,2.11,2.288,2.964,False,False,False,False,False,False,True,False,False,False
3.475,0.405,0.875,3.148,4.803,True,False,False,False,False,True,False,False,False,False
2.801,0.728,2.226,0.736,3.109,False,False,False,False,False,True,False,False,False,False
3.652,0.872,0.867,3.983,4.04,False,True,False,False,False,False,True,False,False,False
3.763,0.916,0.878,2.918,4.818,False,False,False,False,False,False,False,False,False,True
2.831,1.393,1.077,0.906,5.317,False,False,False,False,True,False,False,False,False,False
4.057,1.032,1.183,4.754,8.201,True,False,False,False,False,False,True,False,False,False
